Station Code,Station Name,Planning Area,Region,NS,EW,CG,NE,BP LRT,Sengkang LRT,Punggol LRT,CC,DT,TE,LRT/MRT,No of lines,No of lines opened,Line 1,Line 2,Line 3,Opening 1,Opening 2,Opening 3,Bus Interchange,Bus Terminal,Others,Connections to Other,Connection to other transport means
NS10,Admiralty,Woodlands,NORTH,TRUE,FALSE,FALSE,FALSE,FALSE,FALSE,FALSE,FALSE,FALSE,FALSE,MRT,1,1,NS,NA,NA,10/2/1996,NA,NA,FALSE,FALSE,FALSE,0,
EW9,Aljunied,Geylang,CENTRAL,FALSE,TRUE,FALSE,FALSE,FALSE,FALSE,FALSE,FALSE,FALSE,FALSE,MRT,1,1,EW,NA,NA,4/11/1989,NA,NA,FALSE,FALSE,FALSE,0,
NS16,Ang Mo Kio,Ang Mo Kio,NORTH-EAST,TRUE,FALSE,FALSE,FALSE,FALSE,FALSE,FALSE,FALSE,FALSE,FALSE,MRT,1,1,NS,NA,NA,7/11/1987,NA,NA,TRUE,FALSE,FALSE,1, Ang Mo Kio Bus Interchange
SE3,Bakau,Sengkang,NORTH-EAST,FALSE,FALSE,FALSE,FALSE,FALSE,TRUE,FALSE,FALSE,FALSE,FALSE,LRT,1,1,Sengkang LRT,NA,NA,18/1/2003,NA,NA,FALSE,FALSE,FALSE,0,
BP9,Bangkit,Bukit Panjang,WEST,FALSE,FALSE,FALSE,FALSE,TRUE,FALSE,FALSE,FALSE,FALSE,FALSE,LRT,1,1,BP LRT,NA,NA,6/11/1999,NA,NA,FALSE,FALSE,FALSE,0,
CC12,Bartley,Serangoon,NORTH-EAST,FALSE,FALSE,FALSE,FALSE,FALSE,FALSE,FALSE,TRUE,FALSE,FALSE,MRT,1,1,CC,NA,NA,28/5/2009,NA,NA,FALSE,FALSE,FALSE,0,
CE1 DT16,Bayfront,Downtown Core,CENTRAL,FALSE,FALSE,FALSE,FALSE,FALSE,FALSE,FALSE,TRUE,TRUE,FALSE,MRT,2,2,CC,DT,NA,14/1/2012,22/12/2013,NA,FALSE,FALSE,FALSE,0,
TE29,Bayshore,Bedok,EAST,FALSE,FALSE,FALSE,FALSE,FALSE,FALSE,FALSE,FALSE,FALSE,TRUE,MRT,1,0,TE,NA,NA,TBA,NA,NA,FALSE,FALSE,FALSE,0,
DT5,Beauty World,Bukit Timah,CENTRAL,FALSE,FALSE,FALSE,FALSE,FALSE,FALSE,FALSE,FALSE,TRUE,FALSE,MRT,1,1,DT,NA,NA,27/12/2015,NA,NA,FALSE,FALSE,FALSE,0,
EW5,Bedok,Bedok,EAST,FALSE,TRUE,FALSE,FALSE,FALSE,FALSE,FALSE,FALSE,FALSE,FALSE,MRT,1,1,EW,NA,NA,4/11/1989,NA,NA,TRUE,FALSE,FALSE,1, Bedok Bus Interchange
DT29,Bedok North,Bedok,EAST,FALSE,FALSE,FALSE,FALSE,FALSE,FALSE,FALSE,FALSE,TRUE,FALSE,MRT,1,1,DT,NA,NA,21/10/2017,NA,NA,FALSE,FALSE,FALSE,0,
DT30,Bedok Reservoir,Bedok,EAST,FALSE,FALSE,FALSE,FALSE,FALSE,FALSE,FALSE,FALSE,TRUE,FALSE,MRT,1,1,DT,NA,NA,21/10/2017,NA,NA,FALSE,FALSE,FALSE,0,
TE30,Bedok South,Bedok,EAST,FALSE,FALSE,FALSE,FALSE,FALSE,FALSE,FALSE,FALSE,FALSE,TRUE,MRT,1,0,TE,NA,NA,TBA,NA,NA,FALSE,FALSE,FALSE,0,
DT21,Bencoolen,Museum,CENTRAL,FALSE,FALSE,FALSE,FALSE,FALSE,FALSE,FALSE,FALSE,TRUE,FALSE,MRT,1,1,DT,NA,NA,21/10/2017,NA,NA,FALSE,FALSE,FALSE,0,
DT23,Bendemeer,Kallang,CENTRAL,FALSE,FALSE,FALSE,FALSE,FALSE,FALSE,FALSE,FALSE,TRUE,FALSE,MRT,1,1,DT,NA,NA,21/10/2017,NA,NA,FALSE,FALSE,FALSE,0,
NS17 CC15,Bishan,Bishan,CENTRAL,TRUE,FALSE,FALSE,FALSE,FALSE,FALSE,FALSE,TRUE,FALSE,FALSE,MRT,2,2,NS,CC,NA,7/11/1987,28/5/2009,NA,TRUE,FALSE,FALSE,1, Bishan Bus Interchange
NE9,Boon Keng,Kallang,CENTRAL,FALSE,FALSE,FALSE,TRUE,FALSE,FALSE,FALSE,FALSE,FALSE,FALSE,MRT,1,1,NE,NA,NA,20/6/2003,NA,NA,FALSE,FALSE,FALSE,0,
EW27,Boon Lay,Jurong West,WEST,FALSE,TRUE,FALSE,FALSE,FALSE,FALSE,FALSE,FALSE,FALSE,FALSE,MRT,1,1,EW,NA,NA,6/7/1990,NA,NA,TRUE,FALSE,FALSE,1, Boon Lay Bus Interchange
CC19 DT9,Botanic Gardens,Tanglin,CENTRAL,FALSE,FALSE,FALSE,FALSE,FALSE,FALSE,FALSE,TRUE,TRUE,FALSE,MRT,2,2,CC,DT,NA,8/10/2011,27/12/2015,NA,FALSE,FALSE,FALSE,0,
NS18,Braddell,Toa Payoh,CENTRAL,TRUE,FALSE,FALSE,FALSE,FALSE,FALSE,FALSE,FALSE,FALSE,FALSE,MRT,1,1,NS,NA,NA,7/11/1987,NA,NA,FALSE,FALSE,FALSE,0,
CC2,Bras Basah,Museum,CENTRAL,FALSE,FALSE,FALSE,FALSE,FALSE,FALSE,FALSE,TRUE,FALSE,FALSE,MRT,1,1,CC,NA,NA,17/4/2010,NA,NA,FALSE,FALSE,FALSE,0,
TE7,Bright Hill,Bishan,CENTRAL,FALSE,FALSE,FALSE,FALSE,FALSE,FALSE,FALSE,FALSE,FALSE,TRUE,MRT,1,0,TE,NA,NA,TBA,NA,NA,FALSE,FALSE,FALSE,0,
NE15,Buangkok,Sengkang,NORTH-EAST,FALSE,FALSE,FALSE,TRUE,FALSE,FALSE,FALSE,FALSE,FALSE,FALSE,MRT,1,1,NE,NA,NA,15/1/2006,NA,NA,FALSE,FALSE,FALSE,0,
EW12 DT14,Bugis,Downtown Core,CENTRAL,FALSE,TRUE,FALSE,FALSE,FALSE,FALSE,FALSE,FALSE,TRUE,FALSE,MRT,2,2,EW,DT,NA,4/11/1989,22/12/2013,NA,FALSE,FALSE,FALSE,0,
NS2,Bukit Batok,Bukit Batok,WEST,TRUE,FALSE,FALSE,FALSE,FALSE,FALSE,FALSE,FALSE,FALSE,FALSE,MRT,1,1,NS,NA,NA,10/3/1990,NA,NA,TRUE,FALSE,FALSE,1, Bukit Batok Bus Interchange
CC18,Bukit Brown,Novena,CENTRAL,FALSE,FALSE,FALSE,FALSE,FALSE,FALSE,FALSE,TRUE,FALSE,FALSE,MRT,1,0,CC,NA,NA,TBA,NA,NA,FALSE,FALSE,FALSE,0,
NS3,Bukit Gombak,Bukit Batok,WEST,TRUE,FALSE,FALSE,FALSE,FALSE,FALSE,FALSE,FALSE,FALSE,FALSE,MRT,1,1,NS,NA,NA,10/3/1990,NA,NA,FALSE,FALSE,FALSE,0,
DT1 BP6,Bukit Panjang,Bukit Panjang,WEST,FALSE,FALSE,FALSE,FALSE,TRUE,FALSE,FALSE,FALSE,TRUE,FALSE,Both,2,2,BP LRT,DT,NA,6/11/1999,27/12/2015,NA,TRUE,FALSE,FALSE,1, Bukit Panjang Bus Interchange
EW21 CC22,Buona Vista,Queenstown,CENTRAL,FALSE,TRUE,FALSE,FALSE,FALSE,FALSE,FALSE,TRUE,FALSE,FALSE,MRT,2,2,EW,CC,NA,12/3/1988,8/10/2011,NA,FALSE,TRUE,FALSE,1, Buona Vista Bus Terminal
CC17 TE9,Caldecott,Novena,CENTRAL,FALSE,FALSE,FALSE,FALSE,FALSE,FALSE,FALSE,TRUE,FALSE,TRUE,MRT,2,1,CC,TE,NA,8/10/2011,TBA,NA,FALSE,FALSE,FALSE,0,
NS12,Canberra,Sembawang,NORTH,TRUE,FALSE,FALSE,FALSE,FALSE,FALSE,FALSE,FALSE,FALSE,FALSE,MRT,1,0,NS,NA,NA,TBA,NA,NA,FALSE,FALSE,FALSE,0,
CC31,Cantonment,Bukit Merah,CENTRAL,FALSE,FALSE,FALSE,FALSE,FALSE,FALSE,FALSE,TRUE,FALSE,FALSE,MRT,1,0,CC,NA,NA,TBA,NA,NA,FALSE,FALSE,FALSE,0,
DT2,Cashew,Bukit Panjang,WEST,FALSE,FALSE,FALSE,FALSE,FALSE,FALSE,FALSE,FALSE,TRUE,FALSE,MRT,1,1,DT,NA,NA,27/12/2015,NA,NA,FALSE,FALSE,FALSE,0,
CG2,Changi Airport,Changi,EAST,FALSE,FALSE,TRUE,FALSE,FALSE,FALSE,FALSE,FALSE,FALSE,FALSE,MRT,1,1,CG,NA,NA,8/2/2002,NA,NA,FALSE,TRUE,TRUE,2," Singapore Changi Airport, Changi Airport Bus Terminal"
SW1,Cheng Lim,Sengkang,NORTH-EAST,FALSE,FALSE,FALSE,FALSE,FALSE,TRUE,FALSE,FALSE,FALSE,FALSE,LRT,1,1,Sengkang LRT,NA,NA,1/1/2013,NA,NA,FALSE,FALSE,FALSE,0,
NE4 DT19,Chinatown,Outram,CENTRAL,FALSE,FALSE,FALSE,TRUE,FALSE,FALSE,FALSE,FALSE,TRUE,FALSE,MRT,2,2,NE,DT,NA,20/6/2003,22/12/2013,NA,FALSE,FALSE,FALSE,0,
EW25,Chinese Garden,Jurong East,WEST,FALSE,TRUE,FALSE,FALSE,FALSE,FALSE,FALSE,FALSE,FALSE,FALSE,MRT,1,1,EW,NA,NA,5/11/1988,NA,NA,FALSE,FALSE,FALSE,0,
NS4 BP1,Choa Chu Kang,Choa Chu Kang,WEST,TRUE,FALSE,FALSE,FALSE,TRUE,FALSE,FALSE,FALSE,FALSE,FALSE,Both,2,2,NS,BP LRT,NA,10/3/1990,6/11/1999,NA,TRUE,FALSE,FALSE,1, Choa Chu Kang Bus Interchange
NS25 EW13,City Hall,Downtown Core,CENTRAL,TRUE,TRUE,FALSE,FALSE,FALSE,FALSE,FALSE,FALSE,FALSE,FALSE,MRT,2,2,NS,EW,NA,12/12/1987,12/12/1987,NA,FALSE,FALSE,FALSE,0,
NE5,Clarke Quay,Singapore River,CENTRAL,FALSE,FALSE,FALSE,TRUE,FALSE,FALSE,FALSE,FALSE,FALSE,FALSE,MRT,1,1,NE,NA,NA,20/6/2003,NA,NA,FALSE,FALSE,FALSE,0,
EW23,Clementi,Clementi,WEST,FALSE,TRUE,FALSE,FALSE,FALSE,FALSE,FALSE,FALSE,FALSE,FALSE,MRT,1,1,EW,NA,NA,12/3/1988,NA,NA,TRUE,FALSE,FALSE,1, Clementi Bus Interchange
EW20,Commonwealth,Queenstown,CENTRAL,FALSE,TRUE,FALSE,FALSE,FALSE,FALSE,FALSE,FALSE,FALSE,FALSE,MRT,1,1,EW,NA,NA,12/3/1988,NA,NA,FALSE,FALSE,FALSE,0,
SE1,Compassvale,Sengkang,NORTH-EAST,FALSE,FALSE,FALSE,FALSE,FALSE,TRUE,FALSE,FALSE,FALSE,FALSE,LRT,1,1,Sengkang LRT,NA,NA,18/1/2003,NA,NA,FALSE,FALSE,FALSE,0,
PE3,Coral Edge,Punggol,NORTH-EAST,FALSE,FALSE,FALSE,FALSE,FALSE,FALSE,TRUE,FALSE,FALSE,FALSE,LRT,1,1,Punggol LRT,NA,NA,29/1/2005,NA,NA,FALSE,FALSE,FALSE,0,
PE1,Cove,Punggol,NORTH-EAST,FALSE,FALSE,FALSE,FALSE,FALSE,FALSE,TRUE,FALSE,FALSE,FALSE,LRT,1,1,Punggol LRT,NA,NA,29/1/2005,NA,NA,FALSE,FALSE,FALSE,0,
CC8,Dakota,Geylang,CENTRAL,FALSE,FALSE,FALSE,FALSE,FALSE,FALSE,FALSE,TRUE,FALSE,FALSE,MRT,1,1,CC,NA,NA,17/4/2010,NA,NA,FALSE,FALSE,FALSE,0,
PE7,Damai,Punggol,NORTH-EAST,FALSE,FALSE,FALSE,FALSE,FALSE,FALSE,TRUE,FALSE,FALSE,FALSE,LRT,1,1,Punggol LRT,NA,NA,20/6/2011,NA,NA,FALSE,FALSE,FALSE,0,
NS24 NE6 CC1,Dhoby Ghaut,Museum,CENTRAL,TRUE,FALSE,FALSE,TRUE,FALSE,FALSE,FALSE,TRUE,FALSE,FALSE,MRT,3,3,NS,NE,CC,12/12/1987,20/6/2003,17/4/2010,FALSE,FALSE,FALSE,0,
EW22,Dover,Queenstown,CENTRAL,FALSE,TRUE,FALSE,FALSE,FALSE,FALSE,FALSE,FALSE,FALSE,FALSE,MRT,1,1,EW,NA,NA,18/10/2001,NA,NA,FALSE,FALSE,FALSE,0,
DT17,Downtown,Downtown Core,CENTRAL,FALSE,FALSE,FALSE,FALSE,FALSE,FALSE,FALSE,FALSE,TRUE,FALSE,MRT,1,1,DT,NA,NA,22/12/2013,NA,NA,FALSE,FALSE,FALSE,0,
CC3,Esplanade,Downtown Core,CENTRAL,FALSE,FALSE,FALSE,FALSE,FALSE,FALSE,FALSE,TRUE,FALSE,FALSE,MRT,1,1,CC,NA,NA,17/4/2010,NA,NA,FALSE,FALSE,FALSE,0,
EW7,Eunos,Geylang,CENTRAL,FALSE,TRUE,FALSE,FALSE,FALSE,FALSE,FALSE,FALSE,FALSE,FALSE,MRT,1,1,EW,NA,NA,4/11/1989,NA,NA,TRUE,FALSE,FALSE,1, Eunos Bus Interchange
CG1 DT35,Expo,Tampines,EAST,FALSE,FALSE,TRUE,FALSE,FALSE,FALSE,FALSE,FALSE,TRUE,FALSE,MRT,2,2,CG,DT,NA,10/1/2001,21/10/2017,NA,FALSE,FALSE,FALSE,0,
BP10,Fajar,Bukit Panjang,WEST,FALSE,FALSE,FALSE,FALSE,TRUE,FALSE,FALSE,FALSE,FALSE,FALSE,LRT,1,1,BP LRT,NA,NA,6/11/1999,NA,NA,FALSE,FALSE,FALSE,0,
SW2,Farmway,Sengkang,NORTH-EAST,FALSE,FALSE,FALSE,FALSE,FALSE,TRUE,FALSE,FALSE,FALSE,FALSE,LRT,1,1,Sengkang LRT,NA,NA,15/11/2007,NA,NA,FALSE,FALSE,FALSE,0,
NE8,Farrer Park,Kallang,CENTRAL,FALSE,FALSE,FALSE,TRUE,FALSE,FALSE,FALSE,FALSE,FALSE,FALSE,MRT,1,1,NE,NA,NA,20/6/2003,NA,NA,FALSE,FALSE,FALSE,0,
CC20,Farrer Road,Bukit Timah,CENTRAL,FALSE,FALSE,FALSE,FALSE,FALSE,FALSE,FALSE,TRUE,FALSE,FALSE,MRT,1,1,CC,NA,NA,8/10/2011,NA,NA,FALSE,FALSE,FALSE,0,
SW5,Fernvale,Sengkang,NORTH-EAST,FALSE,FALSE,FALSE,FALSE,FALSE,TRUE,FALSE,FALSE,FALSE,FALSE,LRT,1,1,Sengkang LRT,NA,NA,29/1/2005,NA,NA,FALSE,FALSE,FALSE,0,
DT20,Fort Canning,Museum,CENTRAL,FALSE,FALSE,FALSE,FALSE,FALSE,FALSE,FALSE,FALSE,TRUE,FALSE,MRT,1,1,DT,NA,NA,21/10/2017,NA,NA,FALSE,FALSE,FALSE,0,
TE22,Gardens by the Bay,Marina South,CENTRAL,FALSE,FALSE,FALSE,FALSE,FALSE,FALSE,FALSE,FALSE,FALSE,TRUE,MRT,1,0,TE,NA,NA,TBA,NA,NA,FALSE,FALSE,FALSE,0,
DT24,Geylang Bahru,Kallang,CENTRAL,FALSE,FALSE,FALSE,FALSE,FALSE,FALSE,FALSE,FALSE,TRUE,FALSE,MRT,1,1,DT,NA,NA,21/10/2017,NA,NA,FALSE,FALSE,FALSE,0,
TE15,Great World,River Valley,CENTRAL,FALSE,FALSE,FALSE,FALSE,FALSE,FALSE,FALSE,FALSE,FALSE,TRUE,MRT,1,0,TE,NA,NA,TBA,NA,NA,FALSE,FALSE,FALSE,0,
EW30,Gul Circle,Pioneer,WEST,FALSE,TRUE,FALSE,FALSE,FALSE,FALSE,FALSE,FALSE,FALSE,FALSE,MRT,1,1,EW,NA,NA,18/6/2017,NA,NA,FALSE,FALSE,FALSE,0,
NE1 CC29,HarbourFront,Bukit Merah,CENTRAL,FALSE,FALSE,FALSE,TRUE,FALSE,FALSE,FALSE,TRUE,FALSE,FALSE,MRT,2,2,NE,CC,NA,20/6/2003,8/10/2011,NA,TRUE,FALSE,TRUE,2," HarbourFront Bus Interchange, Sentosa Express"
TE16,Havelock,Bukit Merah,CENTRAL,FALSE,FALSE,FALSE,FALSE,FALSE,FALSE,FALSE,FALSE,FALSE,TRUE,MRT,1,0,TE,NA,NA,TBA,NA,NA,FALSE,FALSE,FALSE,0,
CC25,Haw Par Villa,Queenstown,CENTRAL,FALSE,FALSE,FALSE,FALSE,FALSE,FALSE,FALSE,TRUE,FALSE,FALSE,MRT,1,1,CC,NA,NA,8/10/2011,NA,NA,FALSE,FALSE,FALSE,0,
DT3,Hillview,Bukit Panjang,WEST,FALSE,FALSE,FALSE,FALSE,FALSE,FALSE,FALSE,FALSE,TRUE,FALSE,MRT,1,1,DT,NA,NA,27/12/2015,NA,NA,FALSE,FALSE,FALSE,0,
CC21,Holland Village,Bukit Timah,CENTRAL,FALSE,FALSE,FALSE,FALSE,FALSE,FALSE,FALSE,TRUE,FALSE,FALSE,MRT,1,1,CC,NA,NA,8/10/2011,NA,NA,FALSE,FALSE,FALSE,0,
NE14,Hougang,Hougang,NORTH-EAST,FALSE,FALSE,FALSE,TRUE,FALSE,FALSE,FALSE,FALSE,FALSE,FALSE,MRT,1,1,NE,NA,NA,20/6/2003,NA,NA,TRUE,FALSE,FALSE,1, Hougang Central Bus Interchange
DT22,Jalan Besar,Rochor,CENTRAL,FALSE,FALSE,FALSE,FALSE,FALSE,FALSE,FALSE,FALSE,TRUE,FALSE,MRT,1,1,DT,NA,NA,21/10/2017,NA,NA,FALSE,FALSE,FALSE,0,
BP12,Jelapang,Bukit Panjang,WEST,FALSE,FALSE,FALSE,FALSE,TRUE,FALSE,FALSE,FALSE,FALSE,FALSE,LRT,1,1,BP LRT,NA,NA,6/11/1999,NA,NA,FALSE,FALSE,FALSE,0,
EW29,Joo Koon,Pioneer,WEST,FALSE,TRUE,FALSE,FALSE,FALSE,FALSE,FALSE,FALSE,FALSE,FALSE,MRT,1,1,EW,NA,NA,28/2/2009,NA,NA,TRUE,FALSE,FALSE,1, Joo Koon Bus Interchange
NS1 EW24,Jurong East,Jurong East,WEST,TRUE,TRUE,FALSE,FALSE,FALSE,FALSE,FALSE,FALSE,FALSE,FALSE,MRT,2,2,NS,EW,NA,5/11/1988,10/3/1990,NA,TRUE,FALSE,FALSE,1, Jurong East Bus Interchange
PE5,Kadaloor,Punggol,NORTH-EAST,FALSE,FALSE,FALSE,FALSE,FALSE,FALSE,TRUE,FALSE,FALSE,FALSE,LRT,1,1,Punggol LRT,NA,NA,29/1/2005,NA,NA,FALSE,FALSE,FALSE,0,
DT28,Kaki Bukit,Bedok,EAST,FALSE,FALSE,FALSE,FALSE,FALSE,FALSE,FALSE,FALSE,TRUE,FALSE,MRT,1,1,DT,NA,NA,21/10/2017,NA,NA,FALSE,FALSE,FALSE,0,
EW10,Kallang,Kallang,CENTRAL,FALSE,TRUE,FALSE,FALSE,FALSE,FALSE,FALSE,FALSE,FALSE,FALSE,MRT,1,1,EW,NA,NA,4/11/1989,NA,NA,FALSE,TRUE,FALSE,1, Lorong 1 Geylang Bus Terminal
SE4,Kangkar,Sengkang,NORTH-EAST,FALSE,FALSE,FALSE,FALSE,FALSE,TRUE,FALSE,FALSE,FALSE,FALSE,LRT,1,1,Sengkang LRT,NA,NA,18/1/2003,NA,NA,FALSE,FALSE,FALSE,0,
TE24,Katong Park,Kallang,CENTRAL,FALSE,FALSE,FALSE,FALSE,FALSE,FALSE,FALSE,FALSE,FALSE,TRUE,MRT,1,0,TE,NA,NA,TBA,NA,NA,FALSE,FALSE,FALSE,0,
BP3,Keat Hong,Bukit Panjang,WEST,FALSE,FALSE,FALSE,FALSE,TRUE,FALSE,FALSE,FALSE,FALSE,FALSE,LRT,1,1,BP LRT,NA,NA,6/11/1999,NA,NA,FALSE,FALSE,FALSE,0,
EW6,Kembangan,Bedok,EAST,FALSE,TRUE,FALSE,FALSE,FALSE,FALSE,FALSE,FALSE,FALSE,FALSE,MRT,1,1,EW,NA,NA,4/11/1989,NA,NA,FALSE,FALSE,FALSE,0,
CC24,Kent Ridge,Queenstown,CENTRAL,FALSE,FALSE,FALSE,FALSE,FALSE,FALSE,FALSE,TRUE,FALSE,FALSE,MRT,1,1,CC,NA,NA,8/10/2011,NA,NA,FALSE,FALSE,FALSE,0,
CC30,Keppel,Bukit Merah,CENTRAL,FALSE,FALSE,FALSE,FALSE,FALSE,FALSE,FALSE,TRUE,FALSE,FALSE,MRT,1,0,CC,NA,NA,TBA,NA,NA,FALSE,FALSE,FALSE,0,
NS14,Khatib,Yishun,NORTH,TRUE,FALSE,FALSE,FALSE,FALSE,FALSE,FALSE,FALSE,FALSE,FALSE,MRT,1,1,NS,NA,NA,20/12/1988,NA,NA,FALSE,FALSE,FALSE,0,
DT6,King Albert Park,Bukit Timah,CENTRAL,FALSE,FALSE,FALSE,FALSE,FALSE,FALSE,FALSE,FALSE,TRUE,FALSE,MRT,1,1,DT,NA,NA,27/12/2015,NA,NA,FALSE,FALSE,FALSE,0,
NE13,Kovan,Hougang,NORTH-EAST,FALSE,FALSE,FALSE,TRUE,FALSE,FALSE,FALSE,FALSE,FALSE,FALSE,MRT,1,1,NE,NA,NA,20/6/2003,NA,NA,FALSE,FALSE,FALSE,0,
NS7,Kranji,Sungei Kadut,NORTH,TRUE,FALSE,FALSE,FALSE,FALSE,FALSE,FALSE,FALSE,FALSE,FALSE,MRT,1,1,NS,NA,NA,10/2/1996,NA,NA,FALSE,FALSE,FALSE,0,
SW3,Kupang,Sengkang,NORTH-EAST,FALSE,FALSE,FALSE,FALSE,FALSE,TRUE,FALSE,FALSE,FALSE,FALSE,LRT,1,1,Sengkang LRT,NA,NA,27/6/2015,NA,NA,FALSE,FALSE,FALSE,0,
CC27,Labrador Park,Bukit Merah,CENTRAL,FALSE,FALSE,FALSE,FALSE,FALSE,FALSE,FALSE,TRUE,FALSE,FALSE,MRT,1,1,CC,NA,NA,8/10/2011,NA,NA,FALSE,FALSE,FALSE,0,
EW26,Lakeside,Jurong West,WEST,FALSE,TRUE,FALSE,FALSE,FALSE,FALSE,FALSE,FALSE,FALSE,FALSE,MRT,1,1,EW,NA,NA,5/11/1988,NA,NA,FALSE,FALSE,FALSE,0,
EW11,Lavender,Kallang,CENTRAL,FALSE,TRUE,FALSE,FALSE,FALSE,FALSE,FALSE,FALSE,FALSE,FALSE,MRT,1,1,EW,NA,NA,4/11/1989,NA,NA,FALSE,FALSE,FALSE,0,
SW6,Layar,Sengkang,NORTH-EAST,FALSE,FALSE,FALSE,FALSE,FALSE,TRUE,FALSE,FALSE,FALSE,FALSE,LRT,1,1,Sengkang LRT,NA,NA,29/1/2005,NA,NA,FALSE,FALSE,FALSE,0,
TE5,Lentor,Ang Mo Kio,NORTH-EAST,FALSE,FALSE,FALSE,FALSE,FALSE,FALSE,FALSE,FALSE,FALSE,TRUE,MRT,1,0,TE,NA,NA,TBA,NA,NA,FALSE,FALSE,FALSE,0,
NE7 DT12,Little India,Kallang,CENTRAL,FALSE,FALSE,FALSE,TRUE,FALSE,FALSE,FALSE,FALSE,TRUE,FALSE,MRT,2,2,NE,DT,NA,20/6/2003,27/12/2015,NA,FALSE,FALSE,FALSE,0,
CC14,Lorong Chuan,Serangoon,NORTH-EAST,FALSE,FALSE,FALSE,FALSE,FALSE,FALSE,FALSE,TRUE,FALSE,FALSE,MRT,1,1,CC,NA,NA,28/5/2009,NA,NA,FALSE,FALSE,FALSE,0,
CC10 DT26,MacPherson,Geylang,CENTRAL,FALSE,FALSE,FALSE,FALSE,FALSE,FALSE,FALSE,TRUE,TRUE,FALSE,MRT,2,2,CC,DT,NA,17/4/2010,21/10/2017,NA,FALSE,FALSE,FALSE,0,
NS27 CE2 TE20,Marina Bay,Downtown Core,CENTRAL,TRUE,FALSE,FALSE,FALSE,FALSE,FALSE,FALSE,TRUE,FALSE,TRUE,MRT,3,2,NS,CC,TE,4/11/1989,14/1/2012,TBA,FALSE,FALSE,FALSE,0,
TE21,Marina South,Marina South,CENTRAL,FALSE,FALSE,FALSE,FALSE,FALSE,FALSE,FALSE,FALSE,FALSE,TRUE,MRT,1,0,TE,NA,NA,TBA,NA,NA,FALSE,FALSE,FALSE,0,
NS28,Marina South Pier,Straits View,CENTRAL,TRUE,FALSE,FALSE,FALSE,FALSE,FALSE,FALSE,FALSE,FALSE,FALSE,MRT,1,1,NS,NA,NA,23/11/2014,NA,NA,FALSE,FALSE,TRUE,1,Marina South Pier
TE26,Marine Parade,Marine Parade,CENTRAL,FALSE,FALSE,FALSE,FALSE,FALSE,FALSE,FALSE,FALSE,FALSE,TRUE,MRT,1,0,TE,NA,NA,TBA,NA,NA,FALSE,FALSE,FALSE,0,
TE27,Marine Terrace,Bedok,EAST,FALSE,FALSE,FALSE,FALSE,FALSE,FALSE,FALSE,FALSE,FALSE,TRUE,MRT,1,0,TE,NA,NA,TBA,NA,NA,FALSE,FALSE,FALSE,0,
NS8,Marsiling,Woodlands,NORTH,TRUE,FALSE,FALSE,FALSE,FALSE,FALSE,FALSE,FALSE,FALSE,FALSE,MRT,1,1,NS,NA,NA,10/2/1996,NA,NA,FALSE,FALSE,FALSE,0,
CC16,Marymount,Bishan,CENTRAL,FALSE,FALSE,FALSE,FALSE,FALSE,FALSE,FALSE,TRUE,FALSE,FALSE,MRT,1,1,CC,NA,NA,28/5/2009,NA,NA,FALSE,FALSE,FALSE,0,
DT25,Mattar,Geylang,CENTRAL,FALSE,FALSE,FALSE,FALSE,FALSE,FALSE,FALSE,FALSE,TRUE,FALSE,MRT,1,1,DT,NA,NA,21/10/2017,NA,NA,FALSE,FALSE,FALSE,0,
TE18,Maxwell,Downtown Core,CENTRAL,FALSE,FALSE,FALSE,FALSE,FALSE,FALSE,FALSE,FALSE,FALSE,TRUE,MRT,1,0,TE,NA,NA,TBA,NA,NA,FALSE,FALSE,FALSE,0,
TE6,Mayflower,Ang Mo Kio,NORTH-EAST,FALSE,FALSE,FALSE,FALSE,FALSE,FALSE,FALSE,FALSE,FALSE,TRUE,MRT,1,0,TE,NA,NA,TBA,NA,NA,FALSE,FALSE,FALSE,0,
PE2,Meridian,Punggol,NORTH-EAST,FALSE,FALSE,FALSE,FALSE,FALSE,FALSE,TRUE,FALSE,FALSE,FALSE,LRT,1,1,Punggol LRT,NA,NA,29/1/2005,NA,NA,FALSE,FALSE,FALSE,0,
TE10,Mount Pleasant,Novena,CENTRAL,FALSE,FALSE,FALSE,FALSE,FALSE,FALSE,FALSE,FALSE,FALSE,TRUE,MRT,1,0,TE,NA,NA,TBA,NA,NA,FALSE,FALSE,FALSE,0,
CC7,Mountbatten,Geylang,CENTRAL,FALSE,FALSE,FALSE,FALSE,FALSE,FALSE,FALSE,TRUE,FALSE,FALSE,MRT,1,1,CC,NA,NA,17/4/2010,NA,NA,FALSE,FALSE,FALSE,0,
TE12,Napier,Tanglin,CENTRAL,FALSE,FALSE,FALSE,FALSE,FALSE,FALSE,FALSE,FALSE,FALSE,TRUE,MRT,1,0,TE,NA,NA,TBA,NA,NA,FALSE,FALSE,FALSE,0,
NS21 DT11,Newton,Newton,CENTRAL,TRUE,FALSE,FALSE,FALSE,FALSE,FALSE,FALSE,FALSE,TRUE,FALSE,MRT,2,2,NS,DT,NA,12/12/1987,27/12/2015,NA,FALSE,FALSE,FALSE,0,
PW5,Nibong,Punggol,NORTH-EAST,FALSE,FALSE,FALSE,FALSE,FALSE,FALSE,TRUE,FALSE,FALSE,FALSE,LRT,1,1,Punggol LRT,NA,NA,29/6/2014,NA,NA,FALSE,FALSE,FALSE,0,
CC5,Nicoll Highway,Kallang,CENTRAL,FALSE,FALSE,FALSE,FALSE,FALSE,FALSE,FALSE,TRUE,FALSE,FALSE,MRT,1,1,CC,NA,NA,17/4/2010,NA,NA,FALSE,FALSE,FALSE,0,
NS20,Novena,Novena,CENTRAL,TRUE,FALSE,FALSE,FALSE,FALSE,FALSE,FALSE,FALSE,FALSE,FALSE,MRT,1,1,NS,NA,NA,12/12/1987,NA,NA,FALSE,FALSE,FALSE,0,
PE6,Oasis,Punggol,NORTH-EAST,FALSE,FALSE,FALSE,FALSE,FALSE,FALSE,TRUE,FALSE,FALSE,FALSE,LRT,1,1,Punggol LRT,NA,NA,15/6/2007,NA,NA,FALSE,FALSE,FALSE,0,
CC23,one-north,Queenstown,CENTRAL,FALSE,FALSE,FALSE,FALSE,FALSE,FALSE,FALSE,TRUE,FALSE,FALSE,MRT,1,1,CC,NA,NA,8/10/2011,NA,NA,FALSE,FALSE,FALSE,0,
NS22 TE14,Orchard,Orchard,CENTRAL,TRUE,FALSE,FALSE,FALSE,FALSE,FALSE,FALSE,FALSE,FALSE,TRUE,MRT,2,1,NS,TE,NA,12/12/1987,TBA,NA,FALSE,FALSE,FALSE,0,
TE13,Orchard Boulevard,Orchard,CENTRAL,FALSE,FALSE,FALSE,FALSE,FALSE,FALSE,FALSE,FALSE,FALSE,TRUE,MRT,1,0,TE,NA,NA,TBA,NA,NA,FALSE,FALSE,FALSE,0,
EW16 NE3 TE17,Outram Park,Bukit Merah,CENTRAL,FALSE,TRUE,FALSE,TRUE,FALSE,FALSE,FALSE,FALSE,FALSE,TRUE,MRT,3,2,EW,NE,TE,12/12/1987,20/6/2003,TBA,FALSE,TRUE,FALSE,1, New Bridge Road Bus Terminal
CC26,Pasir Panjang,Queenstown,CENTRAL,FALSE,FALSE,FALSE,FALSE,FALSE,FALSE,FALSE,TRUE,FALSE,FALSE,MRT,1,1,CC,NA,NA,8/10/2011,NA,NA,FALSE,FALSE,FALSE,0,
EW1,Pasir Ris,Pasir Ris,EAST,FALSE,TRUE,FALSE,FALSE,FALSE,FALSE,FALSE,FALSE,FALSE,FALSE,MRT,1,1,EW,NA,NA,16/12/1989,NA,NA,TRUE,FALSE,FALSE,1, Pasir Ris Bus Interchange
EW8 CC9,Paya Lebar,Geylang,CENTRAL,FALSE,TRUE,FALSE,FALSE,FALSE,FALSE,FALSE,TRUE,FALSE,FALSE,MRT,2,2,EW,CC,NA,4/11/1989,17/4/2010,NA,FALSE,FALSE,FALSE,0,
BP8,Pending,Bukit Panjang,WEST,FALSE,FALSE,FALSE,FALSE,TRUE,FALSE,FALSE,FALSE,FALSE,FALSE,LRT,1,1,BP LRT,NA,NA,6/11/1999,NA,NA,FALSE,FALSE,FALSE,0,
BP7,Petir,Bukit Panjang,WEST,FALSE,FALSE,FALSE,FALSE,TRUE,FALSE,FALSE,FALSE,FALSE,FALSE,LRT,1,1,BP LRT,NA,NA,6/11/1999,NA,NA,FALSE,FALSE,FALSE,0,
BP5,Phoenix,Bukit Panjang,WEST,FALSE,FALSE,FALSE,FALSE,TRUE,FALSE,FALSE,FALSE,FALSE,FALSE,LRT,1,1,BP LRT,NA,NA,6/11/1999,NA,NA,FALSE,FALSE,FALSE,0,
EW28,Pioneer,Jurong West,WEST,FALSE,TRUE,FALSE,FALSE,FALSE,FALSE,FALSE,FALSE,FALSE,FALSE,MRT,1,1,EW,NA,NA,28/2/2009,NA,NA,FALSE,FALSE,FALSE,0,
NE10,Potong Pasir,Toa Payoh,CENTRAL,FALSE,FALSE,FALSE,TRUE,FALSE,FALSE,FALSE,FALSE,FALSE,FALSE,MRT,1,1,NE,NA,NA,20/6/2003,NA,NA,FALSE,FALSE,FALSE,0,
CC32,Prince Edward,Downtown Core,CENTRAL,FALSE,FALSE,FALSE,FALSE,FALSE,FALSE,FALSE,TRUE,FALSE,FALSE,MRT,1,0,CC,NA,NA,TBA,NA,NA,FALSE,FALSE,FALSE,0,
CC4 DT15,Promenade,Downtown Core,CENTRAL,FALSE,FALSE,FALSE,FALSE,FALSE,FALSE,FALSE,TRUE,TRUE,FALSE,MRT,2,2,CC,DT,NA,17/4/2010,22/12/2013,NA,FALSE,TRUE,FALSE,1, Marina Centre Bus Terminal
NE17 PTC,Punggol,Punggol,NORTH-EAST,FALSE,FALSE,FALSE,TRUE,FALSE,FALSE,TRUE,FALSE,FALSE,FALSE,Both,2,2,NE,Punggol LRT,NA,20/6/2003,29/1/2005,NA,TRUE,FALSE,FALSE,1, Punggol Temporary Bus Interchange
NE18,Punggol Coast,Punggol,NORTH-EAST,FALSE,FALSE,FALSE,TRUE,FALSE,FALSE,FALSE,FALSE,FALSE,FALSE,MRT,1,0,NE,NA,NA,TBA,NA,NA,FALSE,FALSE,FALSE,0,
PW3,Punggol Point,Punggol,NORTH-EAST,FALSE,FALSE,FALSE,FALSE,FALSE,FALSE,TRUE,FALSE,FALSE,FALSE,LRT,1,1,Punggol LRT,NA,NA,29/12/2016,NA,NA,FALSE,FALSE,FALSE,0,
EW19,Queenstown,Queenstown,CENTRAL,FALSE,TRUE,FALSE,FALSE,FALSE,FALSE,FALSE,FALSE,FALSE,FALSE,MRT,1,1,EW,NA,NA,12/3/1988,NA,NA,FALSE,FALSE,FALSE,0,
NS26 EW14,Raffles Place,Downtown Core,CENTRAL,TRUE,TRUE,FALSE,FALSE,FALSE,FALSE,FALSE,FALSE,FALSE,FALSE,MRT,2,2,NS,EW,NA,12/12/1987,12/12/1987,NA,FALSE,FALSE,FALSE,0,
SE5,Ranggung,Sengkang,NORTH-EAST,FALSE,FALSE,FALSE,FALSE,FALSE,TRUE,FALSE,FALSE,FALSE,FALSE,LRT,1,1,Sengkang LRT,NA,NA,18/1/2003,NA,NA,FALSE,FALSE,FALSE,0,
EW18,Redhill,Bukit Merah,CENTRAL,FALSE,TRUE,FALSE,FALSE,FALSE,FALSE,FALSE,FALSE,FALSE,FALSE,MRT,1,1,EW,NA,NA,12/3/1988,NA,NA,FALSE,FALSE,FALSE,0,
SW8,Renjong,Sengkang,NORTH-EAST,FALSE,FALSE,FALSE,FALSE,FALSE,TRUE,FALSE,FALSE,FALSE,FALSE,LRT,1,1,Sengkang LRT,NA,NA,29/1/2005,NA,NA,FALSE,FALSE,FALSE,0,
PE4,Riviera,Punggol,NORTH-EAST,FALSE,FALSE,FALSE,FALSE,FALSE,FALSE,TRUE,FALSE,FALSE,FALSE,LRT,1,1,Punggol LRT,NA,NA,29/1/2005,NA,NA,FALSE,FALSE,FALSE,0,
DT13,Rochor,Rochor,CENTRAL,FALSE,FALSE,FALSE,FALSE,FALSE,FALSE,FALSE,FALSE,TRUE,FALSE,MRT,1,1,DT,NA,NA,27/12/2015,NA,NA,FALSE,FALSE,FALSE,0,
SE2,Rumbia,Sengkang,NORTH-EAST,FALSE,FALSE,FALSE,FALSE,FALSE,TRUE,FALSE,FALSE,FALSE,FALSE,LRT,1,1,Sengkang LRT,NA,NA,18/1/2003,NA,NA,FALSE,FALSE,FALSE,0,
PW1,Sam Kee,Punggol,NORTH-EAST,FALSE,FALSE,FALSE,FALSE,FALSE,FALSE,TRUE,FALSE,FALSE,FALSE,LRT,1,1,Punggol LRT,NA,NA,29/2/2016,NA,NA,FALSE,FALSE,FALSE,0,
PW4,Samudera,Punggol,NORTH-EAST,FALSE,FALSE,FALSE,FALSE,FALSE,FALSE,TRUE,FALSE,FALSE,FALSE,LRT,1,1,Punggol LRT,NA,NA,31/3/2017,NA,NA,FALSE,FALSE,FALSE,0,
BP11,Segar,Bukit Panjang,WEST,FALSE,FALSE,FALSE,FALSE,TRUE,FALSE,FALSE,FALSE,FALSE,FALSE,LRT,1,1,BP LRT,NA,NA,6/11/1999,NA,NA,FALSE,FALSE,FALSE,0,
NS11,Sembawang,Sembawang,NORTH,TRUE,FALSE,FALSE,FALSE,FALSE,FALSE,FALSE,FALSE,FALSE,FALSE,MRT,1,1,NS,NA,NA,10/2/1996,NA,NA,TRUE,FALSE,FALSE,1, Sembawang Bus Interchange
NE16 STC,Sengkang,Sengkang,NORTH-EAST,FALSE,FALSE,FALSE,TRUE,FALSE,TRUE,FALSE,FALSE,FALSE,FALSE,Both,2,2,NE,Sengkang LRT,NA,18/1/2003,20/6/2003,NA,TRUE,FALSE,FALSE,2," Compassvale Bus Interchange,  Sengkang Bus Interchange"
BP13,Senja,Bukit Panjang,WEST,FALSE,FALSE,FALSE,FALSE,TRUE,FALSE,FALSE,FALSE,FALSE,FALSE,LRT,1,1,BP LRT,NA,NA,6/11/1999,NA,NA,FALSE,FALSE,FALSE,0,
NE12 CC13,Serangoon,Serangoon,NORTH-EAST,FALSE,FALSE,FALSE,TRUE,FALSE,FALSE,FALSE,TRUE,FALSE,FALSE,MRT,2,2,NE,CC,NA,20/6/2003,28/5/2009,NA,TRUE,FALSE,FALSE,1, Serangoon Bus Interchange
TE19,Shenton Way,Downtown Core,CENTRAL,FALSE,FALSE,FALSE,FALSE,FALSE,FALSE,FALSE,FALSE,FALSE,TRUE,MRT,1,0,TE,NA,NA,TBA,NA,NA,FALSE,FALSE,FALSE,0,
TE28,Siglap,Bedok,EAST,FALSE,FALSE,FALSE,FALSE,FALSE,FALSE,FALSE,FALSE,FALSE,TRUE,MRT,1,0,TE,NA,NA,TBA,NA,NA,FALSE,FALSE,FALSE,0,
EW3,Simei,Tampines,EAST,FALSE,TRUE,FALSE,FALSE,FALSE,FALSE,FALSE,FALSE,FALSE,FALSE,MRT,1,1,EW,NA,NA,16/12/1989,NA,NA,FALSE,FALSE,FALSE,0,
DT7,Sixth Avenue,Bukit Timah,CENTRAL,FALSE,FALSE,FALSE,FALSE,FALSE,FALSE,FALSE,FALSE,TRUE,FALSE,MRT,1,1,DT,NA,NA,27/12/2015,NA,NA,FALSE,FALSE,FALSE,0,
NS23,Somerset,Orchard,CENTRAL,TRUE,FALSE,FALSE,FALSE,FALSE,FALSE,FALSE,FALSE,FALSE,FALSE,MRT,1,1,NS,NA,NA,12/12/1987,NA,NA,FALSE,FALSE,FALSE,0,
PW7,Soo Teck,Punggol,NORTH-EAST,FALSE,FALSE,FALSE,FALSE,FALSE,FALSE,TRUE,FALSE,FALSE,FALSE,LRT,1,1,Punggol LRT,NA,NA,29/6/2014,NA,NA,FALSE,FALSE,FALSE,0,
BP2,South View,Bukit Panjang,WEST,FALSE,FALSE,FALSE,FALSE,TRUE,FALSE,FALSE,FALSE,FALSE,FALSE,LRT,1,1,BP LRT,NA,NA,6/11/1999,NA,NA,FALSE,FALSE,FALSE,0,
TE4,Springleaf,Yishun,NORTH,FALSE,FALSE,FALSE,FALSE,FALSE,FALSE,FALSE,FALSE,FALSE,TRUE,MRT,1,0,TE,NA,NA,TBA,NA,NA,FALSE,FALSE,FALSE,0,
CC6,Stadium,Kallang,CENTRAL,FALSE,FALSE,FALSE,FALSE,FALSE,FALSE,FALSE,TRUE,FALSE,FALSE,MRT,1,1,CC,NA,NA,17/4/2010,NA,NA,FALSE,FALSE,FALSE,0,
DT10 TE11,Stevens,Tanglin,CENTRAL,FALSE,FALSE,FALSE,FALSE,FALSE,FALSE,FALSE,FALSE,TRUE,TRUE,MRT,2,1,DT,TE,NA,27/12/2015,TBA,NA,FALSE,FALSE,FALSE,0,
PW6,Sumang,Punggol,NORTH-EAST,FALSE,FALSE,FALSE,FALSE,FALSE,FALSE,TRUE,FALSE,FALSE,FALSE,LRT,1,1,Punggol LRT,NA,NA,29/6/2014,NA,NA,FALSE,FALSE,FALSE,0,
DT37 TE31,Sungei Bedok,Bedok,EAST,FALSE,FALSE,FALSE,FALSE,FALSE,FALSE,FALSE,FALSE,TRUE,TRUE,MRT,2,0,DT,TE,NA,TBA,TBA,NA,FALSE,FALSE,FALSE,0,
CC11,Tai Seng,Hougang,NORTH-EAST,FALSE,FALSE,FALSE,FALSE,FALSE,FALSE,FALSE,TRUE,FALSE,FALSE,MRT,1,1,CC,NA,NA,17/4/2010,NA,NA,FALSE,FALSE,FALSE,0,
EW2 DT32,Tampines,Tampines,EAST,FALSE,TRUE,FALSE,FALSE,FALSE,FALSE,FALSE,FALSE,TRUE,FALSE,MRT,2,2,EW,DT,NA,16/12/1989,21/10/2017,NA,TRUE,FALSE,FALSE,2," Tampines Bus Interchange, Tampines Concourse Bus Interchange"
DT33,Tampines East,Tampines,EAST,FALSE,FALSE,FALSE,FALSE,FALSE,FALSE,FALSE,FALSE,TRUE,FALSE,MRT,1,1,DT,NA,NA,21/10/2017,NA,NA,FALSE,FALSE,FALSE,0,
DT31,Tampines West,Tampines,EAST,FALSE,FALSE,FALSE,FALSE,FALSE,FALSE,FALSE,FALSE,TRUE,FALSE,MRT,1,1,DT,NA,NA,21/10/2017,NA,NA,FALSE,FALSE,FALSE,0,
DT8,Tan Kah Kee,Bukit Timah,CENTRAL,FALSE,FALSE,FALSE,FALSE,FALSE,FALSE,FALSE,FALSE,TRUE,FALSE,MRT,1,1,DT,NA,NA,27/12/2015,NA,NA,FALSE,FALSE,FALSE,0,
EW4 CG,Tanah Merah,Bedok,EAST,FALSE,TRUE,TRUE,FALSE,FALSE,FALSE,FALSE,FALSE,FALSE,FALSE,MRT,2,1,EW,CG,NA,4/11/1989,NA,NA,FALSE,FALSE,FALSE,0,
TE25,Tanjong Katong,Marine Parade,CENTRAL,FALSE,FALSE,FALSE,FALSE,FALSE,FALSE,FALSE,FALSE,FALSE,TRUE,MRT,1,0,TE,NA,NA,TBA,NA,NA,FALSE,FALSE,FALSE,0,
EW15,Tanjong Pagar,Downtown Core,CENTRAL,FALSE,TRUE,FALSE,FALSE,FALSE,FALSE,FALSE,FALSE,FALSE,FALSE,MRT,1,1,EW,NA,NA,12/12/1987,NA,NA,FALSE,FALSE,FALSE,0,
TE23,Tanjong Rhu,Kallang,CENTRAL,FALSE,FALSE,FALSE,FALSE,FALSE,FALSE,FALSE,FALSE,FALSE,TRUE,MRT,1,0,TE,NA,NA,TBA,NA,NA,FALSE,FALSE,FALSE,0,
PW2,Teck Lee,Punggol,NORTH-EAST,FALSE,FALSE,FALSE,FALSE,FALSE,FALSE,TRUE,FALSE,FALSE,FALSE,LRT,1,0,Punggol LRT,NA,NA,TBA,NA,NA,FALSE,FALSE,FALSE,0,
BP4,Teck Whye,Bukit Panjang,WEST,FALSE,FALSE,FALSE,FALSE,TRUE,FALSE,FALSE,FALSE,FALSE,FALSE,LRT,1,1,BP LRT,NA,NA,6/11/1999,NA,NA,FALSE,FALSE,FALSE,0,
DT18,Telok Ayer,Downtown Core,CENTRAL,FALSE,FALSE,FALSE,FALSE,FALSE,FALSE,FALSE,FALSE,TRUE,FALSE,MRT,1,1,DT,NA,NA,22/12/2013,NA,NA,FALSE,FALSE,FALSE,0,
CC28,Telok Blangah,Bukit Merah,CENTRAL,FALSE,FALSE,FALSE,FALSE,FALSE,FALSE,FALSE,TRUE,FALSE,FALSE,MRT,1,1,CC,NA,NA,8/10/2011,NA,NA,FALSE,FALSE,FALSE,0,
BP14,Ten Mile Junction,Bukit Panjang,WEST,FALSE,FALSE,FALSE,FALSE,TRUE,FALSE,FALSE,FALSE,FALSE,FALSE,LRT,1,1,BP LRT,NA,NA,6/11/1999,NA,NA,FALSE,FALSE,FALSE,0,
SW4,Thanggam,Sengkang,NORTH-EAST,FALSE,FALSE,FALSE,FALSE,FALSE,TRUE,FALSE,FALSE,FALSE,FALSE,LRT,1,1,Sengkang LRT,NA,NA,29/1/2005,NA,NA,FALSE,FALSE,FALSE,0,
EW17,Tiong Bahru,Bukit Merah,CENTRAL,FALSE,TRUE,FALSE,FALSE,FALSE,FALSE,FALSE,FALSE,FALSE,FALSE,MRT,1,1,EW,NA,NA,12/3/1988,NA,NA,FALSE,FALSE,FALSE,0,
NS19,Toa Payoh,Toa Payoh,CENTRAL,TRUE,FALSE,FALSE,FALSE,FALSE,FALSE,FALSE,FALSE,FALSE,FALSE,MRT,1,1,NS,NA,NA,7/11/1987,NA,NA,TRUE,FALSE,FALSE,1, Toa Payoh Bus Interchange
SW7,Tongkang,Sengkang,NORTH-EAST,FALSE,FALSE,FALSE,FALSE,FALSE,TRUE,FALSE,FALSE,FALSE,FALSE,LRT,1,1,Sengkang LRT,NA,NA,29/1/2005,NA,NA,FALSE,FALSE,FALSE,0,
EW31,Tuas Crescent,Tuas,WEST,FALSE,TRUE,FALSE,FALSE,FALSE,FALSE,FALSE,FALSE,FALSE,FALSE,MRT,1,1,EW,NA,NA,18/6/2017,NA,NA,FALSE,FALSE,FALSE,0,
EW33,Tuas Link,Tuas,WEST,FALSE,TRUE,FALSE,FALSE,FALSE,FALSE,FALSE,FALSE,FALSE,FALSE,MRT,1,1,EW,NA,NA,18/6/2017,NA,NA,FALSE,TRUE,FALSE,1, Tuas Bus Terminal
EW32,Tuas West Road,Tuas,WEST,FALSE,TRUE,FALSE,FALSE,FALSE,FALSE,FALSE,FALSE,FALSE,FALSE,MRT,1,1,EW,NA,NA,18/6/2017,NA,NA,FALSE,FALSE,FALSE,0,
DT27,Ubi,Geylang,CENTRAL,FALSE,FALSE,FALSE,FALSE,FALSE,FALSE,FALSE,FALSE,TRUE,FALSE,MRT,1,1,DT,NA,NA,21/10/2017,NA,NA,FALSE,FALSE,FALSE,0,
DT34,Upper Changi,Tampines,EAST,FALSE,FALSE,FALSE,FALSE,FALSE,FALSE,FALSE,FALSE,TRUE,FALSE,MRT,1,1,DT,NA,NA,21/10/2017,NA,NA,FALSE,FALSE,FALSE,0,
TE8,Upper Thomson,Bishan,CENTRAL,FALSE,FALSE,FALSE,FALSE,FALSE,FALSE,FALSE,FALSE,FALSE,TRUE,MRT,1,0,TE,NA,NA,TBA,NA,NA,FALSE,FALSE,FALSE,0,
NS9 TE2,Woodlands,Woodlands,NORTH,TRUE,FALSE,FALSE,FALSE,FALSE,FALSE,FALSE,FALSE,FALSE,TRUE,MRT,2,1,NS,TE,NA,10/2/1996,TBA,NA,TRUE,FALSE,FALSE,1, Woodlands Temporary Bus Interchange
TE1,Woodlands North,Woodlands,NORTH,FALSE,FALSE,FALSE,FALSE,FALSE,FALSE,FALSE,FALSE,FALSE,TRUE,MRT,1,0,TE,NA,NA,TBA,NA,NA,FALSE,FALSE,FALSE,0,
TE3,Woodlands South,Woodlands,NORTH,FALSE,FALSE,FALSE,FALSE,FALSE,FALSE,FALSE,FALSE,FALSE,TRUE,MRT,1,0,TE,NA,NA,TBA,NA,NA,FALSE,FALSE,FALSE,0,
NE11,Woodleigh,Toa Payoh,CENTRAL,FALSE,FALSE,FALSE,TRUE,FALSE,FALSE,FALSE,FALSE,FALSE,FALSE,MRT,1,1,NE,NA,NA,20/6/2011,NA,NA,FALSE,FALSE,FALSE,0,
DT36,Xilin,Tampines,EAST,FALSE,FALSE,FALSE,FALSE,FALSE,FALSE,FALSE,FALSE,TRUE,FALSE,MRT,1,0,DT,NA,NA,TBA,NA,NA,FALSE,FALSE,FALSE,0,
NS5,Yew Tee,Choa Chu Kang,WEST,TRUE,FALSE,FALSE,FALSE,FALSE,FALSE,FALSE,FALSE,FALSE,FALSE,MRT,1,1,NS,NA,NA,10/2/1996,NA,NA,FALSE,FALSE,FALSE,0,
NS15,Yio Chu Kang,Ang Mo Kio,NORTH-EAST,TRUE,FALSE,FALSE,FALSE,FALSE,FALSE,FALSE,FALSE,FALSE,FALSE,MRT,1,1,NS,NA,NA,7/11/1987,NA,NA,TRUE,FALSE,FALSE,1, Yio Chu Kang Bus Interchange
NS13,Yishun,Yishun,NORTH,TRUE,FALSE,FALSE,FALSE,FALSE,FALSE,FALSE,FALSE,FALSE,FALSE,MRT,1,1,NS,NA,NA,20/12/1988,NA,NA,TRUE,FALSE,FALSE,1, Yishun Temporary Bus Interchange
